Package,Version,Repository,GithubUsername,GithubRepo,Source
abind,1.4-5,CRAN,,,CRAN
acs,2.1.4,CRAN,,,CRAN
ada,2.0-5,CRAN,,,CRAN
adaR,0.3.1,RSPM,,,CRAN
adbcdrivermanager,0.8.0,CRAN,,,CRAN
additive,0.0.5,CRAN,,,CRAN
ade4,1.7-22,CRAN,,,CRAN
ADMM,0.3.3,CRAN,,,CRAN
AER,1.2-10,CRAN,,,CRAN
afex,1.3-0,CRAN,,,CRAN
agricolae,1.3-7,RSPM,,,CRAN
alabama,2023.1.0,CRAN,,,CRAN
ALEPlot,1.1,CRAN,,,CRAN
AlgDesign,1.2.1,CRAN,,,CRAN
AlignAssign,0.5.0,,seasmith,AlignAssign,GitHub
alphavantager,0.1.3,CRAN,,,CRAN
Amelia,1.8.1,CRAN,,,CRAN
AmesHousing,0.0.4,CRAN,,,CRAN
and,0.1.5,RSPM,,,CRAN
anicon,0.1.0,,emitanaka,anicon,GitHub
animate,0.3.9.4,CRAN,,,CRAN
animation,2.7,CRAN,,,CRAN
anomalous,0.1.0,,robjhyndman,anomalous,GitHub
AnomalyDetection,1.0,,twitter,AnomalyDetection,GitHub
ansistrings,1.0.0.9000,,r-lib,ansistrings,GitHub
anticlust,0.8.1,CRAN,,,CRAN
anytime,0.3.9,CRAN,,,CRAN
aod,1.3.3,CRAN,,,CRAN
apcluster,1.4.11,RSPM,,,CRAN
ape,5.7-1,CRAN,,,CRAN
apexcharter,0.4.1,CRAN,,,CRAN
aplot,0.2.2,CRAN,,,CRAN
AppliedPredictiveModeling,1.1-7,CRAN,,,CRAN
arm,1.13-1,CRAN,,,CRAN
armacmp,0.1.0.9000,,dirkschumacher,armacmp,GitHub
AROC,1.0-4,CRAN,,,CRAN
arrayhelpers,1.1-0,CRAN,,,CRAN
arrow,14.0.0.2,CRAN,,,CRAN
arules,1.7-7,CRAN,,,CRAN
arulesViz,1.5-2,CRAN,,,CRAN
ash,1.0-15,CRAN,,,CRAN
AsioHeaders,1.22.1-2,CRAN,,,CRAN
askpass,1.2.0,CRAN,,,CRAN
assertr,3.0.1,RSPM,,,CRAN
assertthat,0.2.1,CRAN,,,CRAN
astsa,2.0,CRAN,,,CRAN
attempt,0.3.1,CRAN,,,CRAN
audio,0.1-11,CRAN,,,CRAN
automl,1.3.2,CRAN,,,CRAN
autoplotly,0.1.4,CRAN,,,CRAN
AutoQuant,1.0.1,,AdrianAntico,RemixAutoML,GitHub
autoxgboost,0.0.0.9000,,ja-thomas,autoxgboost,GitHub
av,0.9.0,https://ropensci.r-universe.dev,,,CRAN
aweSOM,1.3,CRAN,,,CRAN
babynames,1.0.1,CRAN,,,CRAN
backbone,2.1.2,CRAN,,,CRAN
backports,1.4.1,CRAN,,,CRAN
BAdatasets,0.1.0,,jmsallan,BAdatasets,GitHub
badgen,1.0.0,RSPM,,,CRAN
baggr,0.7.6,CRAN,,,CRAN
baguette,1.0.1,CRAN,,,CRAN
bandit,0.5.1,CRAN,,,CRAN
BART,2.9.4,CRAN,,,CRAN
base64,2.0.1,CRAN,,,CRAN
base64enc,0.1-3,CRAN,,,CRAN
base64url,1.4,CRAN,,,CRAN
basetheme,0.1.3,CRAN,,,CRAN
BayesFactor,0.9.12-4.6,CRAN,,,CRAN
BayesianTools,0.1.8,CRAN,,,CRAN
bayeslm,1.0.1,CRAN,,,CRAN
bayesplot,1.10.0,CRAN,,,CRAN
bayestestR,0.13.1,CRAN,,,CRAN
BB,2019.10-1,CRAN,,,CRAN
BBmisc,1.13,CRAN,,,CRAN
bbmle,1.0.25.1,CRAN,,,CRAN
bbotk,0.7.3,CRAN,,,CRAN
bdsmatrix,1.3-6,CRAN,,,CRAN
beachmat,2.16.0,,,,Bioconductor
beautifyR,0.3.4,,mwip,beautifyR,GitHub
beepr,1.3,CRAN,,,CRAN
beeswarm,0.4.0,CRAN,,,CRAN
bench,1.1.3,CRAN,,,CRAN
benchmarkme,1.0.8,CRAN,,,CRAN
benchmarkmeData,1.0.4,CRAN,,,CRAN
berryFunctions,1.22.0,CRAN,,,CRAN
betareg,3.1-4,CRAN,,,CRAN
BH,1.81.0-1,CRAN,,,CRAN
bigD,0.2.0,CRAN,,,CRAN
biglasso,1.5.2,CRAN,,,CRAN
biglm,0.9-2.1,CRAN,,,CRAN
bigmemory,4.6.1,CRAN,,,CRAN
bigmemory.sri,0.1.6,CRAN,,,CRAN
binom,1.1-1.1,CRAN,,,CRAN
Biobase,2.60.0,,,,Bioconductor
BiocGenerics,0.46.0,,,,Bioconductor
BiocManager,1.30.22,CRAN,,,CRAN
BiocParallel,1.34.2,,,,Bioconductor
BiocSingular,1.16.0,,,,Bioconductor
BiocVersion,3.17.1,,,,Bioconductor
biomformat,1.28.0,,,,Bioconductor
Biostrings,2.68.1,,,,Bioconductor
bit,4.0.5,CRAN,,,CRAN
bit64,4.0.5,CRAN,,,CRAN
bitops,1.0-7,CRAN,,,CRAN
BivRegBLS,1.1.1,CRAN,,,CRAN
blastula,0.3.4,CRAN,,,CRAN
blob,1.2.4,CRAN,,,CRAN
blogdown,1.18,CRAN,,,CRAN
BMA,3.18.17,CRAN,,,CRAN
bnlearn,4.9.1,RSPM,,,CRAN
bonsai,0.2.1,CRAN,,,CRAN
bookdown,0.37,CRAN,,,CRAN
Boom,0.9.14,RSPM,,,CRAN
BoomSpikeSlab,1.2.6,CRAN,,,CRAN
Boruta,8.0.0,CRAN,,,CRAN
breakDown,0.2.1,CRAN,,,CRAN
breakerofchains,0.3.2,,MilesMcBain,breakerofchains,GitHub
brew,1.0-10,CRAN,,,CRAN
bridgesampling,1.1-2,CRAN,,,CRAN
brio,1.1.4,RSPM,,,CRAN
brms,2.20.4,RSPM,,,CRAN
brmsmargins,0.2.0,CRAN,,,CRAN
Brobdingnag,1.2-9,CRAN,,,CRAN
broom,1.0.5,CRAN,,,CRAN
broom.helpers,1.14.0,RSPM,,,CRAN
broom.mixed,0.2.9.4,CRAN,,,CRAN
BRRR,1.2,,brooke-watson,BRRR,GitHub
bslib,0.6.1,RSPM,,,CRAN
bsplus,0.1.4,CRAN,,,CRAN
bsts,0.9.9,CRAN,,,CRAN
bubblyr,0.1.2,CRAN,,,CRAN
bundle,0.1.1,CRAN,,,CRAN
bupaR,0.5.3,CRAN,,,CRAN
butcher,0.3.3,RSPM,,,CRAN
BWStest,0.2.3,RSPM,,,CRAN
C50,0.1.8,CRAN,,,CRAN
ca,0.71.1,CRAN,,,CRAN
cachem,1.0.8,CRAN,,,CRAN
Cairo,1.6-2,RSPM,,,CRAN
calecopal,0.1.0,,an-bui,calecopal,GitHub
callr,3.7.3,CRAN,,,CRAN
camcorder,0.1.0.9000,,thebioengineer,camcorder,GitHub
candisc,0.8-6,CRAN,,,CRAN
car,3.1-2,CRAN,,,CRAN
carData,3.0-5,CRAN,,,CRAN
caret,6.0-94,CRAN,,,CRAN
caseconverter,0.0.1.9000,,strboul,caseconverter,GitHub
catalog,0.1.1,CRAN,,,CRAN
catboost,1.2.2,,,,Unknown
caTools,1.18.2,CRAN,,,CRAN
causact,0.5.3,CRAN,,,CRAN
CausalImpact,1.3.0,CRAN,,,CRAN
cdata,1.2.1,CRAN,,,CRAN
cellranger,1.1.0,CRAN,,,CRAN
cereal,0.1.0,RSPM,,,CRAN
chameleon,0.2-3,CRAN,,,CRAN
chandwich,1.1.6,CRAN,,,CRAN
changepoint,2.2.4,CRAN,,,CRAN
changepoint.np,1.0.5,CRAN,,,CRAN
charlatan,0.6.0,https://ropensci.r-universe.dev,,,CRAN
chatgpt,0.2.3,CRAN,,,CRAN
checkmate,2.3.1,CRAN,,,CRAN
chk,0.9.1,CRAN,,,CRAN
choroplethr,3.7.2,CRAN,,,CRAN
choroplethrMaps,1.0.1,CRAN,,,CRAN
chron,2.3-61,CRAN,,,CRAN
circlize,0.4.15,CRAN,,,CRAN
classInt,0.4-10,CRAN,,,CRAN
cleanrmd,0.1.1,CRAN,,,CRAN
cli,3.6.2,RSPM,,,CRAN
cliapp,0.1.1,CRAN,,,CRAN
clipr,0.8.0,CRAN,,,CRAN
clisymbols,1.2.0,CRAN,,,CRAN
clock,0.7.0,CRAN,,,CRAN
clue,0.3-65,CRAN,,,CRAN
clusterGeneration,1.3.8,CRAN,,,CRAN
clustermq,0.9.2,CRAN,,,CRAN
clustlearn,1.0.0,RSPM,,,CRAN
clustMixType,0.3-14,CRAN,,,CRAN
clustree,0.5.1,CRAN,,,CRAN
cmdstanr,0.7.0.9000,https://ropensci.r-universe.dev,,,CRAN
cocor,1.1-4,CRAN,,,CRAN
coda,0.19-4,CRAN,,,CRAN
codegrip,0.0.0.9000,,lionel-,codegrip,GitHub
codehover,0.0.1,,arthurwelle,codehover,GitHub
coin,1.4-3,CRAN,,,CRAN
collapse,2.0.7,RSPM,,,CRAN
collapsibleTree,0.1.8,CRAN,,,CRAN
collections,0.3.7,CRAN,,,CRAN
coloratio,0.0.0.9004,,matt-dray,coloratio,GitHub
colorblindcheck,1.0.2,CRAN,,,CRAN
colorBlindness,0.1.9,CRAN,,,CRAN
colorblindr,0.1.0,,clauswilke,colorblindr,GitHub
colorDF,0.1.7,CRAN,,,CRAN
colordistance,1.1.2,CRAN,,,CRAN
colorRamps,2.3.1,CRAN,,,CRAN
colorscale,0.1.0,,dreamRs,colorscale,GitHub
colorspace,2.1-0,CRAN,,,CRAN
colouR,0.1.1,CRAN,,,CRAN
colourlovers,0.3.6,CRAN,,,CRAN
colourpicker,1.3.0,CRAN,,,CRAN
cols4all,0.7,,mtennekes,cols4all,GitHub
combinat,0.0-8,CRAN,,,CRAN
commonmark,1.9.0,CRAN,,,CRAN
comparator,0.1.2,CRAN,,,CRAN
compareDF,2.3.5,CRAN,,,CRAN
comparer,0.2.3,CRAN,,,CRAN
ComplexHeatmap,2.16.0,,,,Bioconductor
condvis,0.5-1,CRAN,,,CRAN
config,0.3.2,CRAN,,,CRAN
conflicted,1.2.0,CRAN,,,CRAN
ConfusionTableR,1.0.4,CRAN,,,CRAN
constructive,0.2.0,CRAN,,,CRAN
contfrac,1.1-12,CRAN,,,CRAN
convo,0.0.0.9000,,emilyriederer,convo,GitHub
CORElearn,1.57.3,CRAN,,,CRAN
corpcor,1.6.10,CRAN,,,CRAN
correlation,0.8.4,CRAN,,,CRAN
corrplot,0.92,CRAN,,,CRAN
corrr,0.4.4,CRAN,,,CRAN
corrViz,0.1.0,RSPM,,,CRAN
countrycode,1.5.0,CRAN,,,CRAN
covr,3.6.4,CRAN,,,CRAN
covrpage,0.2,,yonicd,covrpage,GitHub
cowplot,1.1.2,CRAN,,,CRAN
cpp11,0.4.7,CRAN,,,CRAN
cppdoubles,0.1.1,RSPM,,,CRAN
cranlogs,2.1.1,CRAN,,,CRAN
crayon,1.5.2,CRAN,,,CRAN
credentials,2.0.1,https://ropensci.r-universe.dev,,,CRAN
crosstalk,1.2.1,CRAN,,,CRAN
crsmeta,0.3.0,CRAN,,,CRAN
crul,1.4.0,https://ropensci.r-universe.dev,,,CRAN
cssgrid,0.1.0,,atusy,cssgrid,GitHub
cubature,2.1.0,CRAN,,,CRAN
Cubist,0.4.2.1,CRAN,,,CRAN
curl,5.2.0,CRAN,,,CRAN
currr,0.1.2,CRAN,,,CRAN
cutpointr,1.1.2,CRAN,,,CRAN
cutr,0.0.0.9000,,moodymudskipper,cutr,GitHub
cvam,0.9.3,CRAN,,,CRAN
cvar,0.5,CRAN,,,CRAN
cvAUC,1.1.4,CRAN,,,CRAN
CVEK,0.1-2,CRAN,,,CRAN
CVXR,1.0-11,CRAN,,,CRAN
cyclocomp,1.1.1,CRAN,,,CRAN
dagitty,0.3-4,CRAN,,,CRAN
DALEX,2.4.3,CRAN,,,CRAN
DALEXtra,2.3.0,CRAN,,,CRAN
daltoolbox,1.0.727,RSPM,,,CRAN
darklyplot,0.1.0,,lenkiefer,darklyplot,GitHub
data.table,1.14.10,CRAN,,,CRAN
data.tree,1.1.0,CRAN,,,CRAN
dataCompareR,0.1.4,CRAN,,,CRAN
datapasta,3.1.0,CRAN,,,CRAN
dataReporter,1.0.2,CRAN,,,CRAN
dataset,0.2.7,CRAN,,,CRAN
dataui,0.0.1,,timelyportfolio,dataui,GitHub
dataverifyr,0.1.5,CRAN,,,CRAN
datawizard,0.9.1,CRAN,,,CRAN
datetimeoffset,0.3.1,CRAN,,,CRAN
DBI,1.2.0,CRAN,,,CRAN
dbplyr,2.4.0,CRAN,,,CRAN
dbscan,1.1-12,RSPM,,,CRAN
DDoutlier,0.1.0,CRAN,,,CRAN
ddplot,0.0.1,CRAN,,,CRAN
deepdep,0.4.2,CRAN,,,CRAN
default,1.0.0,CRAN,,,CRAN
deFit,0.2.1,CRAN,,,CRAN
deflist,0.2.0,RSPM,,,CRAN
DelayedArray,0.26.7,,,,Bioconductor
DelayedMatrixStats,1.22.6,,,,Bioconductor
deldir,2.0-2,CRAN,,,CRAN
dendextend,1.17.1,CRAN,,,CRAN
DendSer,1.0.2,RSPM,,,CRAN
DEoptim,2.2-8,CRAN,,,CRAN
DEoptimR,1.1-3,CRAN,,,CRAN
deps,0.2.0,CRAN,,,CRAN
Deriv,4.1.3,CRAN,,,CRAN
desc,1.4.3,CRAN,,,CRAN
DescTools,0.99.52,CRAN,,,CRAN
deSolve,1.40,CRAN,,,CRAN
details,0.3.0,CRAN,,,CRAN
detectors,0.1.0,RSPM,,,CRAN
devoid,0.1.2,RSPM,,,CRAN
devtools,2.4.5,CRAN,,,CRAN
dfidx,0.0-5,CRAN,,,CRAN
dfms,0.2.1,RSPM,,,CRAN
DHARMa,0.4.6,CRAN,,,CRAN
diagonals,6.4.0,CRAN,,,CRAN
diagram,1.6.5,CRAN,,,CRAN
DiagrammeR,1.0.10,CRAN,,,CRAN
dials,1.2.0,CRAN,,,CRAN
DiceDesign,1.10,CRAN,,,CRAN
DiceKriging,1.6.0,CRAN,,,CRAN
dichromat,2.0-0.1,CRAN,,,CRAN
dict,0.10.0,,mkuhn,dict,GitHub
dictionar6,0.1.3,RSPM,,,CRAN
diffmatchpatch,0.1.0,,rundel,diffmatchpatch,GitHub
diffobj,0.3.5,CRAN,,,CRAN
digest,0.6.33,CRAN,,,CRAN
diptest,0.77-0,CRAN,,,CRAN
DirichletMultinomial,1.42.0,,,,Bioconductor
dirichletprocess,0.4.2,CRAN,,,CRAN
discrim,1.0.1,CRAN,,,CRAN
displacyr,0.1.0,,weihuangwong,displacyr,GitHub
distr6,1.8.4,,xoopR,distr6,GitHub
distributional,0.3.2,CRAN,,,CRAN
distributions3,0.2.1,CRAN,,,CRAN
DistributionUtils,0.6-1,CRAN,,,CRAN
dm,1.0.8,CRAN,,,CRAN
docopt,0.7.1,CRAN,,,CRAN
docstring,1.0.0,CRAN,,,CRAN
doFuture,1.0.1,CRAN,,,CRAN
doParallel,1.0.17,CRAN,,,CRAN
doRNG,1.8.6,CRAN,,,CRAN
doSNOW,1.0.20,CRAN,,,CRAN
dotCall64,1.1-1,RSPM,,,CRAN
dotnet,0.2.0,,bearloga,dotnet,GitHub
dotwhisker,0.7.4,CRAN,,,CRAN
DoubleML,0.5.3,CRAN,,,CRAN
downlit,0.4.3,CRAN,,,CRAN
downloader,0.4,CRAN,,,CRAN
downloadthis,0.3.3,CRAN,,,CRAN
dplyover,0.0.8.9002,,TimTeaFan,dplyover,GitHub
dplyr,1.1.4,CRAN,,,CRAN
dqrng,0.3.2,CRAN,,,CRAN
drake,7.13.8,https://ropensci.r-universe.dev,,,CRAN
dreamerr,1.4.0,CRAN,,,CRAN
dslabs,0.7.6,CRAN,,,CRAN
DT,0.31,CRAN,,,CRAN
dtplyr,1.3.1,CRAN,,,CRAN
dtt,0.1-2,CRAN,,,CRAN
dtw,1.23-1,CRAN,,,CRAN
dtwclust,5.5.12,RSPM,,,CRAN
duckdb,0.9.2-1,RSPM,,,CRAN
duckdbfs,0.0.3,https://ropensci.r-universe.dev,,,CRAN
duckplyr,0.3.0,RSPM,,,CRAN
dunn.test,1.3.5,CRAN,,,CRAN
dutchmasters,0.1.0,,EdwinTh,dutchmasters,GitHub
dygraphs,1.1.1.6,CRAN,,,CRAN
dynprog,0.1.1,CRAN,,,CRAN
e1071,1.7-14,RSPM,,,CRAN
earth,5.3.2,CRAN,,,CRAN
easyalluvial,0.3.2,CRAN,,,CRAN
Ecdat,0.4-2,CRAN,,,CRAN
Ecfun,0.3-2,CRAN,,,CRAN
echarts4r,0.4.5,CRAN,,,CRAN
ECOSolveR,0.5.5,CRAN,,,CRAN
ecp,3.1.5,CRAN,,,CRAN
edarf,1.1.1,,zmjones,edarf,GitHub
edeaR,0.9.4,CRAN,,,CRAN
edgar,2.0.7,CRAN,,,CRAN
edgebundle,0.4.2,CRAN,,,CRAN
editheme,0.1.0,,fkeck,editheme,GitHub
effectsize,0.8.6,CRAN,,,CRAN
effsize,0.8.1,CRAN,,,CRAN
egg,0.4.5,CRAN,,,CRAN
eigenmodel,1.11,CRAN,,,CRAN
EIX,1.2.0,RSPM,,,CRAN
elasticnet,1.3,CRAN,,,CRAN
ellipse,0.5.0,CRAN,,,CRAN
ellipsis,0.3.2,CRAN,,,CRAN
elliptic,1.4-0,CRAN,,,CRAN
elmNNRcpp,1.0.4,RSPM,,,CRAN
em,1.0.0,CRAN,,,CRAN
embed,1.1.3,CRAN,,,CRAN
EMD,1.5.9,RSPM,,,CRAN
emdist,0.3-3,CRAN,,,CRAN
emmeans,1.9.0,CRAN,,,CRAN
emo,0.0.0.9000,,hadley,emo,GitHub
emulator,1.2-21,CRAN,,,CRAN
enc,0.2.2,CRAN,,,CRAN
energy,1.7-11,CRAN,,,CRAN
english,1.2-6,CRAN,,,CRAN
envnames,0.4.1,CRAN,,,CRAN
epoxy,1.0.0,RSPM,,,CRAN
equatiomatic,0.3.1,,datalorax,equatiomatic,GitHub
ermoji,0.2.0,,gadenbuie,ermoji,GitHub
estimability,1.4.1,CRAN,,,CRAN
estimatr,1.0.0,CRAN,,,CRAN
esvis,0.3.1,CRAN,,,CRAN
evaluate,0.23,CRAN,,,CRAN
evd,2.3-6.1,CRAN,,,CRAN
eventdataR,0.3.1,CRAN,,,CRAN
evoPalette,0.1.0,,doehm,evoPalette,GitHub
Exact,3.2,CRAN,,,CRAN
exactRankTests,0.8-35,CRAN,,,CRAN
exdex,1.2.3,CRAN,,,CRAN
explore,1.1.0,CRAN,,,CRAN
expm,0.999-8,CRAN,,,CRAN
expsmooth,2.3,CRAN,,,CRAN
extraDistr,1.10.0,CRAN,,,CRAN
extrafont,0.19,CRAN,,,CRAN
extrafontdb,1.0,CRAN,,,CRAN
extraoperators,0.3.0,CRAN,,,CRAN
extremevalues,2.3.3,CRAN,,,CRAN
fable,0.3.3,CRAN,,,CRAN
fable.prophet,0.1.0,CRAN,,,CRAN
fabletools,0.3.4,CRAN,,,CRAN
FACT,0.1.0,,henrifnk,FACT,GitHub
factoextra,1.0.7,CRAN,,,CRAN
FactoMineR,2.9,CRAN,,,CRAN
fansi,1.0.6,CRAN,,,CRAN
farver,2.1.1,CRAN,,,CRAN
fastcluster,1.2.3,CRAN,,,CRAN
fastDummies,1.7.3,CRAN,,,CRAN
fastGHQuad,1.0.1,CRAN,,,CRAN
fastglm,0.0.3,RSPM,,,CRAN
fastICA,1.2-4,RSPM,,,CRAN
fastmap,1.1.1,CRAN,,,CRAN
fastmatch,1.1-4,CRAN,,,CRAN
fastMatMR,1.2.5,RSPM,,,CRAN
fastpipe,0.0.0.9000,,moodymudskipper,fastpipe,GitHub
fastverse,0.3.2,RSPM,,,CRAN
faux,1.2.1,CRAN,,,CRAN
fBasics,4032.96,CRAN,,,CRAN
fda,6.1.4,CRAN,,,CRAN
fdicdata,0.1.0,CRAN,,,CRAN
fdrtool,1.2.17,CRAN,,,CRAN
fds,1.8,CRAN,,,CRAN
feasts,0.3.1,CRAN,,,CRAN
fedmatch,2.0.5,CRAN,,,CRAN
ff,4.0.9,CRAN,,,CRAN
FFTrees,2.0.0,CRAN,,,CRAN
fGarch,4031.90,CRAN,,,CRAN
fields,15.2,CRAN,,,CRAN
filearray,0.1.6,CRAN,,,CRAN
filehash,2.4-5,CRAN,,,CRAN
filelock,1.0.3,CRAN,,,CRAN
finnts,0.4.0,CRAN,,,CRAN
fitdistrplus,1.1-11,CRAN,,,CRAN
fixest,0.11.2,CRAN,,,CRAN
flair,0.0.2,,r-for-educators,flair,GitHub
flashClust,1.01-2,CRAN,,,CRAN
fledge,0.1.1,CRAN,,,CRAN
flexclust,1.4-1,CRAN,,,CRAN
flexdashboard,0.6.2,CRAN,,,CRAN
flexmix,2.3-19,CRAN,,,CRAN
flexsurv,2.2.2,CRAN,,,CRAN
flextable,0.9.4,RSPM,,,CRAN
flipbookr,0.1.0,CRAN,,,CRAN
float,0.3-2,CRAN,,,CRAN
flyingfox,0.1.0,,DavisVaughan,flyingfox,GitHub
fma,2.5,CRAN,,,CRAN
fmesher,0.1.5,RSPM,,,CRAN
fmsb,0.7.5,CRAN,,,CRAN
fnmate,0.0.6,,milesmcbain,fnmate,GitHub
FNN,1.1.3.2,CRAN,,,CRAN
fontawesome,0.5.2,CRAN,,,CRAN
fontBitstreamVera,0.1.1,CRAN,,,CRAN
fontLiberation,0.1.0,CRAN,,,CRAN
fontquiver,0.2.1,CRAN,,,CRAN
fontscales,0.0.0.9000,,EmilHvitfeldt,fontscales,GitHub
forcats,1.0.0,CRAN,,,CRAN
foreach,1.5.2,CRAN,,,CRAN
ForeCA,0.2.7,CRAN,,,CRAN
forecast,8.21.1,CRAN,,,CRAN
forecastHybrid,5.0.19,CRAN,,,CRAN
forester,0.2.0,,rdboyes,forester,GitHub
forestplot,3.1.3,CRAN,,,CRAN
forge,0.2.0,CRAN,,,CRAN
formatR,1.14,CRAN,,,CRAN
formattable,0.2.1,CRAN,,,CRAN
Formula,1.2-5,CRAN,,,CRAN
fpc,2.2-11,CRAN,,,CRAN
fpp2,2.5,CRAN,,,CRAN
fpp3,0.5,CRAN,,,CRAN
fracdiff,1.5-2,CRAN,,,CRAN
framecleaner,0.2.0,CRAN,,,CRAN
fryingpane,0.0.0.9000,,ColinFay,fryingpane,GitHub
fs,1.6.3,CRAN,,,CRAN
FSA,0.9.5,CRAN,,,CRAN
fst,0.9.8,CRAN,,,CRAN
fstcore,0.9.18,CRAN,,,CRAN
ftExtra,0.6.1,CRAN,,,CRAN
furrr,0.3.1,CRAN,,,CRAN
futile.logger,1.4.3,CRAN,,,CRAN
futile.options,1.0.1,CRAN,,,CRAN
future,1.33.1,RSPM,,,CRAN
future.apply,1.11.1,CRAN,,,CRAN
future.callr,0.8.2,RSPM,,,CRAN
GA,3.2.3,CRAN,,,CRAN
gam,1.22-3,CRAN,,,CRAN
gamlss,5.4-20,CRAN,,,CRAN
gamlss.data,6.0-2,CRAN,,,CRAN
gamlss.dist,6.1-1,RSPM,,,CRAN
gamm4,0.2-6,CRAN,,,CRAN
gap,1.5-3,CRAN,,,CRAN
gap.datasets,0.0.6,CRAN,,,CRAN
gapminder,1.0.0,CRAN,,,CRAN
gargle,1.5.2,CRAN,,,CRAN
gbm,2.1.8.1,CRAN,,,CRAN
gbutils,0.5,CRAN,,,CRAN
gclus,1.3.2,CRAN,,,CRAN
gdata,3.0.0,RSPM,,,CRAN
gdtools,0.3.5,CRAN,,,CRAN
geepack,1.3.9,CRAN,,,CRAN
gender,0.6.0,CRAN,,,CRAN
GeneralizedHyperbolic,0.8-6,CRAN,,,CRAN
generics,0.1.3,CRAN,,,CRAN
GenomeInfoDb,1.36.4,,,,Bioconductor
GenomeInfoDbData,1.2.10,,,,Bioconductor
GenomicRanges,1.52.1,,,,Bioconductor
GenOrd,1.4.0,CRAN,,,CRAN
geojson,0.3.5.9000,https://ropensci.r-universe.dev,,,CRAN
geojsonsf,2.0.3,RSPM,,,CRAN
geometries,0.2.3,RSPM,,,CRAN
geomtextpath,0.1.1,CRAN,,,CRAN
geoR,1.9-3,RSPM,,,CRAN
geosphere,1.5-18,CRAN,,,CRAN
gert,2.0.1,https://ropensci.r-universe.dev,,,CRAN
gestalt,0.2.0,CRAN,,,CRAN
getable,1.0.3,CRAN,,,CRAN
getopt,1.20.4,CRAN,,,CRAN
GetoptLong,1.0.5,CRAN,,,CRAN
getPass,0.2-4,CRAN,,,CRAN
gfonts,0.2.0,CRAN,,,CRAN
ggalluvial,0.12.5,CRAN,,,CRAN
GGally,2.2.0,CRAN,,,CRAN
ggalt,0.4.0,CRAN,,,CRAN
gganimate,1.0.8,CRAN,,,CRAN
ggbeeswarm,0.7.2,CRAN,,,CRAN
ggblend,0.1.0,CRAN,,,CRAN
ggbreak,0.1.2,CRAN,,,CRAN
ggcal,0.1.0,,jayjacobs,ggcal,GitHub
ggchangepoint,0.1.0,CRAN,,,CRAN
ggcharts,0.2.1,CRAN,,,CRAN
ggcorrplot,0.1.4.1,CRAN,,,CRAN
ggdag,0.2.10,CRAN,,,CRAN
ggdark,0.2.1,CRAN,,,CRAN
ggdendro,0.1.23,CRAN,,,CRAN
ggdensity,1.0.0,CRAN,,,CRAN
ggdist,3.3.1,CRAN,,,CRAN
ggedit,0.3.1,CRAN,,,CRAN
ggeffects,1.3.4,CRAN,,,CRAN
ggExtra,0.10.1,CRAN,,,CRAN
ggfittext,0.10.1,CRAN,,,CRAN
ggflags,0.0.4,,rensa,ggflags,GitHub
ggforce,0.4.1,CRAN,,,CRAN
ggformula,0.12.0,CRAN,,,CRAN
ggfortify,0.4.16,CRAN,,,CRAN
ggfun,0.1.3,CRAN,,,CRAN
gggenes,0.5.1,CRAN,,,CRAN
ggghost,0.2.1,CRAN,,,CRAN
gggrid,0.2-0,CRAN,,,CRAN
ggh4x,0.2.7,CRAN,,,CRAN
gghalves,0.1.4,CRAN,,,CRAN
gghdr,0.2.0,CRAN,,,CRAN
gghighcontrast,0.1.0,,topfunky,gghighcontrast,GitHub
gghighlight,0.4.1,CRAN,,,CRAN
ggHoriPlot,1.0.1,CRAN,,,CRAN
ggimage,0.3.3,CRAN,,,CRAN
ggiraph,0.8.8,CRAN,,,CRAN
ggiraphExtra,0.3.0,CRAN,,,CRAN
gglm,1.0.2,CRAN,,,CRAN
gglogspline,0.1.0,,hrbrmstr,gglogspline,GitHub
ggmap,4.0.0,CRAN,,,CRAN
ggmulti,1.0.6,CRAN,,,CRAN
ggnetwork,0.5.12,CRAN,,,CRAN
ggnewscale,0.4.9,CRAN,,,CRAN
ggokabeito,0.1.0,CRAN,,,CRAN
ggpackets,0.2.1,CRAN,,,CRAN
ggplot2,3.4.4,CRAN,,,CRAN
ggplotify,0.1.2,RSPM,,,CRAN
ggpointdensity,0.1.0,CRAN,,,CRAN
ggpomological,0.1.2,,gadenbuie,ggpomological,GitHub
ggpp,0.5.5,CRAN,,,CRAN
ggpubr,0.6.0,CRAN,,,CRAN
ggradar,0.2,,ricardo-bion,ggradar,GitHub
ggragged,0.1.0,CRAN,,,CRAN
ggraph,2.1.0,CRAN,,,CRAN
ggrepel,0.9.4,CRAN,,,CRAN
ggridges,0.5.5,CRAN,,,CRAN
ggsci,3.0.0,CRAN,,,CRAN
ggseas,0.5.4,CRAN,,,CRAN
ggshadow,0.0.5,CRAN,,,CRAN
ggsignif,0.6.4,CRAN,,,CRAN
ggspatial,1.1.9,RSPM,,,CRAN
ggstance,0.3.6,CRAN,,,CRAN
ggstats,0.5.1,CRAN,,,CRAN
ggstream,0.1.0,CRAN,,,CRAN
ggtails,0.0.0.9000,,David-Salazar,ggtails,GitHub
ggtech,0.1.1,CRAN_ggtech,ricardo-bion,ggtech,GitHub
ggtext,0.1.2,CRAN,,,CRAN
ggthemes,5.0.0,CRAN,,,CRAN
ggthemr,1.1.0,,Mikata-Project,ggthemr,GitHub
ggtikz,0.1.2,CRAN,,,CRAN
ggTimeSeries,1.0.2,CRAN,,,CRAN
ggtrace,0.7.0,,yjunechoe,ggtrace,GitHub
ggtree,3.8.2,,,,Bioconductor
ggtrendline,1.0.3,CRAN,,,CRAN
ggupset,0.3.0,CRAN,,,CRAN
ggvis,0.4.8,CRAN,,,CRAN
gh,1.4.0,CRAN,,,CRAN
ghibli,0.3.3,CRAN,,,CRAN
gifski,1.12.0-2,CRAN,,,CRAN
git2r,0.33.0.9000,https://ropensci.r-universe.dev,,,CRAN
gitcreds,0.1.2,CRAN,,,CRAN
glasso,1.11,CRAN,,,CRAN
gld,2.6.6,CRAN,,,CRAN
glmmrBase,0.5.3,CRAN,,,CRAN
glmmrOptim,0.3.3,CRAN,,,CRAN
glmmTMB,1.1.8,CRAN,,,CRAN
glmnet,4.1-8,CRAN,,,CRAN
GlobalOptions,0.1.2,CRAN,,,CRAN
globals,0.16.2,CRAN,,,CRAN
glossary,1.0.0,RSPM,,,CRAN
glue,1.6.2,CRAN,,,CRAN
gluedown,1.0.8,CRAN,,,CRAN
Gmisc,3.0.3,CRAN,,,CRAN
gmm,1.8,CRAN,,,CRAN
gmodels,2.18.1.1,CRAN,,,CRAN
gmp,0.7-3,RSPM,,,CRAN
gnm,1.1-5,CRAN,,,CRAN
googledrive,2.1.1,CRAN,,,CRAN
googlesheets4,1.1.1,CRAN,,,CRAN
googleVis,0.7.1,CRAN,,,CRAN
gower,1.0.1,CRAN,,,CRAN
GPfit,1.0-8,CRAN,,,CRAN
gplite,0.13.0,CRAN,,,CRAN
gplots,3.1.3,CRAN,,,CRAN
graph,1.78.0,,,,Bioconductor
graphlayouts,1.0.2,CRAN,,,CRAN
gratia,0.8.1,CRAN,,,CRAN
gratis,1.0.5,CRAN,,,CRAN
GREA,1.0,,Stan125,GREA,GitHub
greta,0.4.3,CRAN,,,CRAN
greybox,2.0.0,CRAN,,,CRAN
gridExtra,2.3,CRAN,,,CRAN
gridGeometry,0.3-0,CRAN,,,CRAN
gridGraphics,0.5-1,CRAN,,,CRAN
gridpattern,1.1.1,CRAN,,,CRAN
gridSVG,1.7-5,CRAN,,,CRAN
gridtext,0.1.5,CRAN,,,CRAN
grImport2,0.3-1,CRAN,,,CRAN
grpreg,3.4.0,RSPM,,,CRAN
gsheet,0.4.5,CRAN,,,CRAN
gsl,2.1-8,CRAN,,,CRAN
gss,2.2-7,CRAN,,,CRAN
gstat,2.1-1,RSPM,,,CRAN
gsubfn,0.7,CRAN,,,CRAN
gt,0.10.0,RSPM,,,CRAN
gtable,0.3.4,CRAN,,,CRAN
gtExtras,0.5.0,CRAN,,,CRAN
gtools,3.9.5,CRAN,,,CRAN
gtrendsR,1.5.1,CRAN,,,CRAN
gtsummary,1.7.2,CRAN,,,CRAN
gutenbergr,0.2.4.9000,https://ropensci.r-universe.dev,,,CRAN
gWidgets2,1.0-9,CRAN,,,CRAN
gWidgets2tcltk,1.0-8,CRAN,,,CRAN
h2o,3.42.0.2,RSPM,,,CRAN
hablar,0.3.2,CRAN,,,CRAN
harbinger,1.0.737,CRAN,,,CRAN
hardhat,1.3.0,CRAN,,,CRAN
haven,2.5.4,RSPM,,,CRAN
hcandersenr,0.2.0,CRAN,,,CRAN
HDF5Array,1.28.1,,,,Bioconductor
HDInterval,0.2.4,CRAN,,,CRAN
hdrcde,3.4,CRAN,,,CRAN
heatmaply,1.5.0,CRAN,,,CRAN
helpdesk,0.1.1,,yonicd,helpdesk,GitHub
heplots,1.6.0,CRAN,,,CRAN
here,1.0.1,CRAN,,,CRAN
hexbin,1.28.3,RSPM,,,CRAN
hexSticker,0.4.9,RSPM,,,CRAN
highcharter,0.9.4,CRAN,,,CRAN
highlight,0.5.1,CRAN,,,CRAN
highlite,0.0.0.9000,,jimhester,highlite,GitHub
highr,0.10,CRAN,,,CRAN
hippie,0.1.0,RSPM,,,CRAN
HistData,0.9-1,RSPM,,,CRAN
HKprocess,0.1-1,CRAN,,,CRAN
HLMdiag,0.5.0,CRAN,,,CRAN
Hmisc,5.1-1,CRAN,,,CRAN
HMMpa,1.0.1,CRAN,,,CRAN
hms,1.1.3,CRAN,,,CRAN
hopach,2.60.0,,,,Bioconductor
hrbrthemes,0.8.0,CRAN,,,CRAN
hstats,1.1.1,RSPM,,,CRAN
htmlTable,2.4.2,CRAN,,,CRAN
htmltools,0.5.7,CRAN,,,CRAN
htmlwidgets,1.6.4,RSPM,,,CRAN
hts,6.0.2,CRAN,,,CRAN
httpcode,0.3.0,CRAN,,,CRAN
httpgd,1.3.1,CRAN,,,CRAN
httpuv,1.6.13,RSPM,,,CRAN
httr,1.4.7,CRAN,,,CRAN
httr2,1.0.0,CRAN,,,CRAN
hugodown,0.0.0.9000,,r-lib,hugodown,GitHub
humanize,0.2.0,CRAN,,,CRAN
hunspell,3.0.3,https://ropensci.r-universe.dev,,,CRAN
hypergeo,1.2-13,CRAN,,,CRAN
iBreakDown,2.1.2,CRAN,,,CRAN
ichimoku,1.4.12,CRAN,,,CRAN
icon,0.1.0,,emitanaka,icon,GitHub
icons,0.2.0,,ropenscilabs,icon,GitHub
IDPmisc,1.1.20,CRAN,,,CRAN
ids,1.0.1,CRAN,,,CRAN
igraph,1.6.0,RSPM,,,CRAN
igraphdata,1.0.1,CRAN,,,CRAN
imageclipr,0.3.0,,Timag,imageclipr,GitHub
imbalance,1.0.2.1,CRAN,,,CRAN
iml,0.11.1,CRAN,,,CRAN
ImputeRobust,1.3-1,CRAN,,,CRAN
imputeTS,3.3,CRAN,,,CRAN
indexing,0.1-5,,jaryan,indexing,GitHub
infer,1.0.5,CRAN,,,CRAN
influenceR,0.1.5,CRAN,,,CRAN
ingredients,2.3.0,CRAN,,,CRAN
ingrid,0.1.2,,coolbutuseless,ingrid,GitHub
ini,0.3.1,CRAN,,,CRAN
INLA,23.09.09,,,,Unknown
inlatools,0.0.2,,inbo,inlatools,GitHub
inline,0.3.19,CRAN,,,CRAN
insertImage,0.0.0.9000,,LudvigOlsen,insertImage,GitHub
inserttable,0.4.0,,lbusett,insert_table,GitHub
insight,0.19.7,CRAN,,,CRAN
interp,1.1-5,CRAN,,,CRAN
interpret,0.1.33,CRAN,,,CRAN
intervals,0.15.4,CRAN,,,CRAN
intrval,0.1-2,CRAN,,,CRAN
inum,1.0-5,CRAN,,,CRAN
invgamma,1.1,CRAN,,,CRAN
ipaddress,1.0.2,CRAN,,,CRAN
ipred,0.9-14,CRAN,,,CRAN
ipw,1.2.1,CRAN,,,CRAN
irace,3.5,CRAN,,,CRAN
IRanges,2.34.1,,,,Bioconductor
IRdisplay,1.1,CRAN,,,CRAN
IRkernel,1.3.2,CRAN,,,CRAN
irlba,2.3.5.1,CRAN,,,CRAN
ISLR,1.4,CRAN,,,CRAN
isoband,0.2.7,CRAN,,,CRAN
ISOcodes,2023.12.07,CRAN,,,CRAN
ISOweek,0.6-2,CRAN,,,CRAN
iterators,1.0.14,CRAN,,,CRAN
itertools,0.1-3,CRAN,,,CRAN
itsadug,2.4.1,CRAN,,,CRAN
ivs,0.2.0,CRAN,,,CRAN
janeaustenr,1.0.0,CRAN,,,CRAN
janitor,2.2.0,CRAN,,,CRAN
jjAnno,0.0.3,,junjunlab,jjAnno,GitHub
job,0.3.0,CRAN,,,CRAN
jomo,2.7-6,RSPM,,,CRAN
jpeg,0.1-10,CRAN,,,CRAN
jqr,1.3.3,https://ropensci.r-universe.dev,,,CRAN
jquerylib,0.1.4,CRAN,,,CRAN
jsonify,1.2.2,RSPM,,,CRAN
jsonlite,1.8.8,CRAN,,,CRAN
juicyjuice,0.1.0,CRAN,,,CRAN
kableExtra,1.3.4,CRAN,,,CRAN
kalmanfilter,2.0.2,CRAN,,,CRAN
katex,1.4.1,CRAN,,,CRAN
keras,2.13.0,CRAN,,,CRAN
KernelKnn,1.1.5,CRAN,,,CRAN
kernelshap,0.4.1,CRAN,,,CRAN
kernlab,0.9-32,CRAN,,,CRAN
keyholder,0.1.7,CRAN,,,CRAN
keypress,1.3.1,CRAN,,,CRAN
KFAS,1.5.1,RSPM,,,CRAN
khroma,1.11.0,CRAN,,,CRAN
kit,0.0.15,CRAN,,,CRAN
klaR,1.7-3,CRAN,,,CRAN
km.ci,0.5-6,CRAN,,,CRAN
KMsurv,0.1-5,CRAN,,,CRAN
knitr,1.45,CRAN,,,CRAN
kohonen,3.0.12,CRAN,,,CRAN
ks,1.14.1,CRAN,,,CRAN
kSamples,1.2-10,CRAN,,,CRAN
labdsv,2.1-0,CRAN,,,CRAN
labeling,0.4.3,CRAN,,,CRAN
labelled,2.12.0,CRAN,,,CRAN
laeken,0.5.2,CRAN,,,CRAN
Lahman,11.0-0,CRAN,,,CRAN
lambda.r,1.2.4,CRAN,,,CRAN
languageserver,0.3.16,CRAN,,,CRAN
lares,5.2.4,CRAN,,,CRAN
lars,1.3,CRAN,,,CRAN
later,1.3.2,RSPM,,,CRAN
latex2exp,0.9.6,CRAN,,,CRAN
lava,1.7.3,CRAN,,,CRAN
lavaan,0.6-17,CRAN,,,CRAN
lazerhawk,0.3.0,,m-clark,lazerhawk,GitHub
lazyeval,0.2.2,CRAN,,,CRAN
ldf,0.1.2.9000,,Swirrl,linked-data-frames,GitHub
leafem,0.2.3.9000,https://ropensci.r-universe.dev,,,CRAN
leafgl,0.1.1,RSPM,,,CRAN
leaflegend,1.1.1,RSPM,,,CRAN
leaflet,2.2.1,CRAN,,,CRAN
leaflet.providers,2.0.0,CRAN,,,CRAN
leafsync,0.1.0,RSPM,,,CRAN
leaps,3.1,CRAN,,,CRAN
lexicon,1.2.1,CRAN,,,CRAN
lfe,2.9-0,CRAN,,,CRAN
lgr,0.4.4,CRAN,,,CRAN
lhs,1.1.6,CRAN,,,CRAN
libcoin,1.0-10,CRAN,,,CRAN
lifecycle,1.0.4,CRAN,,,CRAN
lightgbm,4.2.0,CRAN,,,CRAN
lightgbmExplainer,0.2.0,,lantanacamara,lightgbmExplainer,GitHub
lime,0.5.3,CRAN,,,CRAN
limma,3.56.2,,,,Bioconductor
LimnoPalettes,0.1.1,,SwampThingPaul,LimnoPalettes,GitHub
limSolve,1.5.7,CRAN,,,CRAN
linl,0.0.5,CRAN,,,CRAN
lintr,3.1.1,CRAN,,,CRAN
listenv,0.9.0,CRAN,,,CRAN
listviewer,4.0.0,CRAN,,,CRAN
literanger,0.0.2,RSPM,,,CRAN
lme4,1.1-35.1,CRAN,,,CRAN
lmem.sim,0.0.0.9001,,debruine,lmem_sim,GitHub
lmeresampler,0.2.4,CRAN,,,CRAN
lmerTest,3.1-3,CRAN,,,CRAN
lmom,3.0,CRAN,,,CRAN
lmtest,0.9-40,CRAN,,,CRAN
lobstr,1.1.2,CRAN,,,CRAN
locfit,1.5-9.8,CRAN,,,CRAN
logger,0.2.2,CRAN,,,CRAN
loggit,2.1.1,CRAN,,,CRAN
logspline,2.1.21,CRAN,,,CRAN
loo,2.6.0,CRAN,,,CRAN
lookup,1.0,CRAN,,,CRAN
loon,1.4.1,CRAN,,,CRAN
lpSolve,5.6.20,CRAN,,,CRAN
lpSolveAPI,5.5.2.0-17.11,RSPM,,,CRAN
ltc,0.2.0,,loukesio,ltc_palettes,GitHub
lubridate,1.9.3,CRAN,,,CRAN
lumberjack,1.3.1,CRAN,,,CRAN
lwgeom,0.2-13,CRAN,,,CRAN
M3C,1.22.0,,,,Bioconductor
magick,2.8.2,https://ropensci.r-universe.dev,,,CRAN
magrittr,2.0.3,CRAN,,,CRAN
maotai,0.2.5,CRAN,,,CRAN
mapproj,1.2.11,CRAN,,,CRAN
maps,3.4.2,CRAN,,,CRAN
mapsapi,0.5.4,CRAN,,,CRAN
marginaleffects,0.17.0,RSPM,,,CRAN
margins,0.3.26,CRAN,,,CRAN
markdown,1.12,RSPM,,,CRAN
markdowntemplates,0.5.0,,hrbrmstr,markdowntemplates,GitHub
markovchain,0.9.5,CRAN,,,CRAN
Matching,4.10-14,CRAN,,,CRAN
MatchIt,4.5.5,CRAN,,,CRAN
mathjaxr,1.6-0,CRAN,,,CRAN
mathml,1.2,CRAN,,,CRAN
matrixcalc,1.0-6,CRAN,,,CRAN
matrixdist,1.1.9,CRAN,,,CRAN
MatrixGenerics,1.12.3,,,,Bioconductor
MatrixModels,0.5-3,CRAN,,,CRAN
matrixStats,1.2.0,RSPM,,,CRAN
maxLik,1.5-2,CRAN,,,CRAN
maxstat,0.7-25,CRAN,,,CRAN
mboost,2.9-9,RSPM,,,CRAN
mc2d,0.2.0,CRAN,,,CRAN
mclogit,0.9.6,CRAN,,,CRAN
mclust,6.0.1,CRAN,,,CRAN
mclustcomp,0.3.3,CRAN,,,CRAN
mcmc,0.9-8,RSPM,,,CRAN
MCMCglmm,2.35,CRAN,,,CRAN
MCMCpack,1.6-3,CRAN,,,CRAN
Mcomp,2.8,CRAN,,,CRAN
mdthemes,0.1.0,CRAN,,,CRAN
mediation,4.5.0,CRAN,,,CRAN
memisc,0.99.31.7,CRAN,,,CRAN
memoise,2.0.1,CRAN,,,CRAN
memoisetools,0.1.0,,coolbutuseless,memoisetools,GitHub
metadat,1.2-0,CRAN,,,CRAN
metafor,4.4-0,CRAN,,,CRAN
MetBrewer,0.2.0,CRAN,,,CRAN
metrica,2.0.3,CRAN,,,CRAN
Metrics,0.1.4,CRAN,,,CRAN
mfx,1.2-2,CRAN,,,CRAN
mgcViz,0.1.11,CRAN,,,CRAN
mgm,1.2-14,CRAN,,,CRAN
mgsub,1.7.3,CRAN,,,CRAN
mi,1.1,CRAN,,,CRAN
mice,3.16.0,CRAN,,,CRAN
miceadds,3.16-18,CRAN,,,CRAN
miceRanger,1.5.0,CRAN,,,CRAN
microbenchmark,1.4.10,CRAN,,,CRAN
mime,0.12,CRAN,,,CRAN
minerva,1.5.10,CRAN,,,CRAN
miniCRAN,0.2.16,CRAN,,,CRAN
miniUI,0.1.1.1,CRAN,,,CRAN
minpack.lm,1.2-4,CRAN,,,CRAN
minqa,1.2.6,CRAN,,,CRAN
mirai,0.11.3,CRAN,,,CRAN
misc3d,0.9-1,CRAN,,,CRAN
miscTools,0.6-28,CRAN,,,CRAN
missForest,1.5,CRAN,,,CRAN
missMDA,1.19,CRAN,,,CRAN
missRanger,2.4.0,CRAN,,,CRAN
mitml,0.4-5,RSPM,,,CRAN
mitools,2.4,CRAN,,,CRAN
mixOmics,6.24.0,Bioconductor,,,Bioconductor
mixtools,2.0.0,CRAN,,,CRAN
mize,0.2.4,CRAN,,,CRAN
MlBayesOpt,0.3.4,,ymattu,MlBayesOpt,GitHub
mlbench,2.1-3.1,CRAN,,,CRAN
MLDataR,1.0.1,,StatsGary,MLDataR,GitHub
MLeval,0.3,CRAN,,,CRAN
MLmetrics,1.1.1,RSPM,,,CRAN
mlogit,1.1-1,CRAN,,,CRAN
mlpack,4.3.0,RSPM,,,CRAN
mlr,2.19.1,CRAN,,,CRAN
mlr3,0.17.1,CRAN,,,CRAN
mlr3benchmark,0.1.6,CRAN,,,CRAN
mlr3cluster,0.1.8,CRAN,,,CRAN
mlr3filters,0.7.1,CRAN,,,CRAN
mlr3fselect,0.11.0,CRAN,,,CRAN
mlr3hyperband,0.4.5,CRAN,,,CRAN
mlr3learners,0.5.8,CRAN,,,CRAN
mlr3mbo,0.2.1,CRAN,,,CRAN
mlr3measures,0.5.0,CRAN,,,CRAN
mlr3misc,0.13.0,RSPM,,,CRAN
mlr3pipelines,0.5.0-2,CRAN,,,CRAN
mlr3tuning,0.19.2,CRAN,,,CRAN
mlr3viz,0.7.0,CRAN,,,CRAN
mlrCPO,0.3.7-6,CRAN,,,CRAN
mlrMBO,1.1.5.1,CRAN,,,CRAN
mmap,0.6-22,CRAN,,,CRAN
mmpf,0.0.5,CRAN,,,CRAN
mnistr,0.0.0.9000,,gumeo,mnistr,GitHub
mnormt,2.1.1,CRAN,,,CRAN
mockery,0.4.4,CRAN,,,CRAN
modelbased,0.8.6,CRAN,,,CRAN
modeldata,1.2.0,CRAN,,,CRAN
modeldatatoo,0.2.1,CRAN,,,CRAN
modelenv,0.1.1,CRAN,,,CRAN
ModelMetrics,1.2.2.2,CRAN,,,CRAN
modelr,0.1.11,CRAN,,,CRAN
modelsummary,1.4.3,CRAN,,,CRAN
modeltime,1.2.8,CRAN,,,CRAN
modeltime.resample,0.2.3,RSPM,,,CRAN
modeltools,0.2-23,CRAN,,,CRAN
MOI,0.1.0.9000,,r-opt,MOI,GitHub
MoMAColors,0.0.0.9000,,BlakeRMills,MoMAColors,GitHub
moments,0.14.1,CRAN,,,CRAN
MonteCarlo,1.0.6,CRAN,,,CRAN
morestopwords,0.2.0,RSPM,,,CRAN
morris,0.0.0.1,,cshoggard,morris,GitHub
mosaic,1.9.0,CRAN,,,CRAN
mosaicCore,0.9.4.0,CRAN,,,CRAN
mosaicData,0.20.4,CRAN,,,CRAN
msm,1.7.1,CRAN,,,CRAN
mstate,0.3.2,CRAN,,,CRAN
muhaz,1.2.6.4,CRAN,,,CRAN
multcomp,1.4-25,CRAN,,,CRAN
multcompView,0.1-9,CRAN,,,CRAN
multicool,1.0.0,CRAN,,,CRAN
multidplyr,0.1.3,CRAN,,,CRAN
multilevel,2.7,CRAN,,,CRAN
multiROC,1.1.1,CRAN,,,CRAN
multtest,2.56.0,,,,Bioconductor
MuMIn,1.47.5,CRAN,,,CRAN
munsell,0.5.0,CRAN,,,CRAN
mvnfast,0.2.8,CRAN,,,CRAN
mvtnorm,1.2-4,RSPM,,,CRAN
mycor,0.1.1,CRAN,,,CRAN
myriad,0.2.3.9000,,kjhealy,myriad,GitHub
naivebayes,0.9.7,CRAN,,,CRAN
namer,0.1.6,CRAN,,,CRAN
naniar,1.0.0,CRAN,,,CRAN
nanoarrow,0.3.0.1,CRAN,,,CRAN
nanonext,0.11.0,CRAN,,,CRAN
nanotime,0.3.7,CRAN,,,CRAN
narray,0.5.1,CRAN,,,CRAN
nationalparkcolors,0.1.0,,katiejolly,nationalparkcolors,GitHub
ncvreg,3.14.1,CRAN,,,CRAN
ndtv,0.13.3,CRAN,,,CRAN
netrankr,1.2.3,RSPM,,,CRAN
netUtils,0.8.2,CRAN,,,CRAN
network,1.18.2,CRAN,,,CRAN
networkD3,0.4,CRAN,,,CRAN
networkdata,0.1.15,,schochastics,networkdata,GitHub
networkDynamic,0.11.4,CRAN,,,CRAN
networkLite,1.0.5,CRAN,,,CRAN
networktools,1.5.1,CRAN,,,CRAN
neuralnet,1.44.2,CRAN,,,CRAN
NineteenEightyR,0.1.0,,m-clark,NineteenEightyR,GitHub
nleqslv,3.3.5,RSPM,,,CRAN
nlmeU,0.70-9,CRAN,,,CRAN
nloptr,2.0.3,CRAN,,,CRAN
NLP,0.2-1,CRAN,,,CRAN
nls.multstart,1.3.0,CRAN,,,CRAN
nlstools,2.0-1,RSPM,,,CRAN
nndiagram,1.0.0,RSPM,,,CRAN
nnls,1.5,CRAN,,,CRAN
nor1mix,1.3-2,CRAN,,,CRAN
norm,1.0-11.1,CRAN,,,CRAN
nortest,1.0-4,CRAN,,,CRAN
np,0.60-17,CRAN,,,CRAN
nplyr,0.2.0,CRAN,,,CRAN
nullabor,0.3.9,CRAN,,,CRAN
numDeriv,2016.8-1.1,CRAN,,,CRAN
nycflights13,1.0.2,CRAN,,,CRAN
ochRe,1.0.0,,ropenscilabs,ochRe,GitHub
ocp,0.1.1,CRAN,,,CRAN
OddsPlotty,1.0.2,CRAN,,,CRAN
oeli,0.3.1,CRAN,,,CRAN
officer,0.6.3,RSPM,,,CRAN
OIsurv,0.1,,vugsus,openintro-r-package,GitHub
onehot,0.1.1,CRAN,,,CRAN
onnx,0.0.3,CRAN,,,CRAN
ooplah,0.2.0,RSPM,,,CRAN
opart,2019.1.0,,as4378,opart,GitHub
openNLP,0.2-7,CRAN,,,CRAN
openNLPdata,1.5.3-4,CRAN,,,CRAN
openssl,2.1.1,RSPM,,,CRAN
openxlsx,4.2.5.2,CRAN,,,CRAN
opt,0.0.0.9000,,moodymudskipper,opt,GitHub
optimizeR,1.0.1,RSPM,,,CRAN
optimParallel,1.0-2,CRAN,,,CRAN
optimx,2023-10.21,CRAN,,,CRAN
optparse,1.7.3,CRAN,,,CRAN
ordinal,2023.12-4,CRAN,,,CRAN
orf,0.1.4,CRAN,,,CRAN
orthopolynom,1.0-6.1,CRAN,,,CRAN
osmdata,0.2.5.005,https://ropensci.r-universe.dev,,,CRAN
osqp,0.6.3.2,CRAN,,,CRAN
oysteR,0.1.1,CRAN,,,CRAN
pack,0.1-1,,,,Unknown
packagemetrics,0.0.1.9001,,ropenscilabs,packagemetrics,GitHub
packrat,0.9.2,CRAN,,,CRAN
pacman,0.5.1,CRAN,,,CRAN
padr,0.6.2,CRAN,,,CRAN
pagedown,0.20,CRAN,,,CRAN
pagemap,0.1.3,CRAN,,,CRAN
paint,0.2.0,,milesmcbain,paint,GitHub
pak,0.7.1,CRAN,,,CRAN
palette2vec,0.0.0.9000,,EmilHvitfeldt,palette2vec,GitHub
paletteer,1.5.0,CRAN,,,CRAN
paletti,0.1.0,,edwinth,paletti,GitHub
palmerpenguins,0.1.1,CRAN,,,CRAN
pals,1.8,RSPM,,,CRAN
pan,1.9,CRAN,,,CRAN
pander,0.6.5,CRAN,,,CRAN
pandoc,0.2.0,RSPM,,,CRAN
paradox,0.11.1,CRAN,,,CRAN
parallelDist,0.2.6,CRAN,,,CRAN
parallelly,1.36.0,CRAN,,,CRAN
parallelMap,1.5.1,CRAN,,,CRAN
parallelPlot,0.3.1,CRAN,,,CRAN
param6,0.2.4,,xoopR,param6,GitHub
parameters,0.21.3,CRAN,,,CRAN
ParamHelpers,1.14.1,CRAN,,,CRAN
parcats,0.0.5,CRAN,,,CRAN
parquetize,0.5.6.1,CRAN,,,CRAN
parsedate,1.3.1,CRAN,,,CRAN
parsermd,0.1.2.9000,,rundel,parsermd,GitHub
parsnip,1.1.1,CRAN,,,CRAN
particles,0.2.3,CRAN,,,CRAN
partitions,1.10-7,CRAN,,,CRAN
parttime,0.1.1,CRAN,,,CRAN
parttree,0.0.1.9004,,grantmcdermott,parttree,GitHub
party,1.3-14,RSPM,,,CRAN
partykit,1.2-20,CRAN,,,CRAN
patchwork,1.1.3,CRAN,,,CRAN
pathToClip,0.2.2,,dcomtois,pathToClip,GitHub
paws,0.4.0,CRAN,,,CRAN
paws.analytics,0.4.0,CRAN,,,CRAN
paws.application.integration,0.4.0,CRAN,,,CRAN
paws.common,0.6.4,CRAN,,,CRAN
paws.compute,0.4.0,CRAN,,,CRAN
paws.cost.management,0.4.0,CRAN,,,CRAN
paws.customer.engagement,0.4.0,CRAN,,,CRAN
paws.database,0.4.0,CRAN,,,CRAN
paws.developer.tools,0.4.0,CRAN,,,CRAN
paws.end.user.computing,0.4.0,CRAN,,,CRAN
paws.machine.learning,0.4.0,CRAN,,,CRAN
paws.management,0.4.0,CRAN,,,CRAN
paws.networking,0.4.0,CRAN,,,CRAN
paws.security.identity,0.4.0,CRAN,,,CRAN
paws.storage,0.4.0,CRAN,,,CRAN
pbapply,1.7-2,CRAN,,,CRAN
pbdZMQ,0.3-10,CRAN,,,CRAN
pbivnorm,0.6.0,CRAN,,,CRAN
pbkrtest,0.5.2,CRAN,,,CRAN
pbv,0.5-47,CRAN,,,CRAN
pcaMethods,1.92.0,,,,Bioconductor
pcaPP,2.0-4,RSPM,,,CRAN
PCAtools,2.12.0,,,,Bioconductor
pcolor,0.1.0,,shalom-lab,pcolor,GitHub
pdftools,3.4.0,https://ropensci.r-universe.dev,,,CRAN
pdplot2,0.0.2,,tegedik,pdplot2,GitHub
performance,0.10.8,CRAN,,,CRAN
PerformanceAnalytics,2.0.4,CRAN,,,CRAN
permute,0.9-7,CRAN,,,CRAN
pheatmap,1.0.12,CRAN,,,CRAN
phyloseq,1.44.0,,,,Bioconductor
pillar,1.9.0,CRAN,,,CRAN
pingr,2.0.3,CRAN,,,CRAN
pins,1.3.0,CRAN,,,CRAN
piton,1.0.0,CRAN,,,CRAN
pixmap,0.4-12,CRAN,,,CRAN
pkgbuild,1.4.3,CRAN,,,CRAN
pkgcache,2.2.1,CRAN,,,CRAN
pkgconfig,2.0.3,CRAN,,,CRAN
pkgdepends,0.7.1,CRAN,,,CRAN
pkgdown,2.0.7,CRAN,,,CRAN
pkgload,1.3.3,CRAN,,,CRAN
pkgsearch,3.1.3,CRAN,,,CRAN
plm,2.6-3,CRAN,,,CRAN
plogr,0.2.0,CRAN,,,CRAN
plot3D,1.4,CRAN,,,CRAN
plotfunctions,1.4,CRAN,,,CRAN
plotly,4.10.3,CRAN,,,CRAN
plotmo,3.6.2,CRAN,,,CRAN
plotrix,3.8-4,CRAN,,,CRAN
PlotTools,0.3.0,CRAN,,,CRAN
pls,2.8-3,CRAN,,,CRAN
plumber,1.2.1,CRAN,,,CRAN
plyr,1.8.9,CRAN,,,CRAN
PMCMRplus,1.9.10,RSPM,,,CRAN
png,0.1-8,CRAN,,,CRAN
PNWColors,0.1.0,CRAN,,,CRAN
pointblank,0.11.4,CRAN,,,CRAN
pointr,0.2.0,CRAN,,,CRAN
PoissonBinomial,1.2.6,CRAN,,,CRAN
poissonreg,1.0.1,CRAN,,,CRAN
polars,0.11.0.9001,https://etiennebacher.r-universe.dev,,,CRAN
polite,0.1.3,CRAN,,,CRAN
polyclip,1.10-6,CRAN,,,CRAN
polynom,1.4-1,CRAN,,,CRAN
PortfolioAnalytics,1.1.0,CRAN,,,CRAN
posterior,1.5.0,CRAN,,,CRAN
powerjoin,0.1.0,CRAN,,,CRAN
ppcor,1.1,CRAN,,,CRAN
prabclus,2.3-3,CRAN,,,CRAN
pracma,2.4.4,CRAN,,,CRAN
praise,1.0.0,CRAN,,,CRAN
precrec,0.14.4,CRAN,,,CRAN
prediction,0.3.14,CRAN,,,CRAN
presenter,0.1.2,CRAN,,,CRAN
prettycode,1.1.0,CRAN,,,CRAN
PrettyCols,1.0.1,CRAN,,,CRAN
prettyglm,1.0.1,RSPM,,,CRAN
prettyunits,1.2.0,CRAN,,,CRAN
printr,0.3,CRAN,,,CRAN
prismatic,1.1.1,CRAN,,,CRAN
probably,1.0.2,CRAN,,,CRAN
pROC,1.18.5,CRAN,,,CRAN
processmapR,0.5.3,CRAN,,,CRAN
processx,3.8.3,CRAN,,,CRAN
prodlim,2023.08.28,CRAN,,,CRAN
profmem,0.6.0,CRAN,,,CRAN
profvis,0.3.8,CRAN,,,CRAN
progress,1.2.3,RSPM,,,CRAN
progressr,0.14.0,RSPM,,,CRAN
PROJ,0.4.5,CRAN,,,CRAN
proj4,1.0-13,CRAN,,,CRAN
projpred,2.8.0,RSPM,,,CRAN
promises,1.2.1,CRAN,,,CRAN
prophet,1.0,CRAN,,,CRAN
proto,1.0.0,CRAN,,,CRAN
protolite,2.3.0,CRAN,,,CRAN
proxy,0.4-27,CRAN,,,CRAN
PRROC,1.3.1,CRAN,,,CRAN
pryr,0.1.6,CRAN,,,CRAN
ps,1.7.5,CRAN,,,CRAN
pscl,1.5.5.1,CRAN,,,CRAN
psych,2.3.12,RSPM,,,CRAN
purrr,1.0.2,RSPM,,,CRAN
pwr,1.3-0,CRAN,,,CRAN
qap,0.1-2,CRAN,,,CRAN
qdap,2.4.6,CRAN,,,CRAN
qdapDictionaries,1.0.7,CRAN,,,CRAN
qdapRegex,0.7.8,CRAN,,,CRAN
qdapTools,1.3.7,CRAN,,,CRAN
qdata,0.29,,quantide,qdata,GitHub
qgam,1.3.4,CRAN,,,CRAN
qgraph,1.9.8,CRAN,,,CRAN
qlcal,0.0.9,CRAN,,,CRAN
qpdf,1.3.2,CRAN,,,CRAN
QR,0.1.3,CRAN,,,CRAN
qs,0.25.7,RSPM,,,CRAN
quadprog,1.5-8,CRAN,,,CRAN
quadtree,0.1.14,CRAN,,,CRAN
qualpalr,0.4.4,RSPM,,,CRAN
Quandl,2.11.0,CRAN,,,CRAN
quanteda,3.3.1,CRAN,,,CRAN
quantmod,0.4.25,RSPM,,,CRAN
quantreg,5.97,CRAN,,,CRAN
quarto,1.3,RSPM,,,CRAN
quartostamp,0.1.1,,matt-dray,quartostamp,GitHub
questionr,0.7.8,CRAN,,,CRAN
QuickJSR,1.0.9,CRAN,,,CRAN
qvcalc,1.0.3,RSPM,,,CRAN
R.cache,0.16.0,CRAN,,,CRAN
R.devices,2.17.1,RSPM,,,CRAN
R.matlab,3.7.0,CRAN,,,CRAN
R.methodsS3,1.8.2,CRAN,,,CRAN
R.oo,1.25.0,CRAN,,,CRAN
R.utils,2.12.3,CRAN,,,CRAN
r2c,0.2.0,,brodieg,r2c,GitHub
r2d3,0.2.6,CRAN,,,CRAN
R6,2.5.1,CRAN,,,CRAN
ragg,1.2.7,RSPM,,,CRAN
rainbow,3.7,CRAN,,,CRAN
raincloudplots,0.2.0,,jorvlan,raincloudplots,GitHub
rando,0.2.0,CRAN,,,CRAN
randomcoloR,1.1.0.1,CRAN,,,CRAN
randomForest,4.7-1.1,CRAN,,,CRAN
randomForestExplainer,0.10.1,CRAN,,,CRAN
randtoolbox,2.0.4,RSPM,,,CRAN
rang,0.3.0,CRAN,,,CRAN
ranger,0.16.0,RSPM,,,CRAN
RANN,2.6.1,CRAN,,,CRAN
rapidjsonr,1.2.0,CRAN,,,CRAN
RApiSerialize,0.1.2,CRAN,,,CRAN
rappdirs,0.3.3,CRAN,,,CRAN
rARPACK,0.11-0,CRAN,,,CRAN
raster,3.6-26,CRAN,,,CRAN
ratelimitr,0.4.1,CRAN,,,CRAN
rattle,5.5.1,CRAN,,,CRAN
rBayesianOptimization,1.2.0,CRAN,,,CRAN
rbibutils,2.2.16,RSPM,,,CRAN
RBioFabric,0.3,,wjrl,RBioFabric,GitHub
Rborist,0.3-5,CRAN,,,CRAN
rcartocolor,2.1.1,CRAN,,,CRAN
Rcatch22,0.2.1,CRAN,,,CRAN
rclipboard,0.2.1,CRAN,,,CRAN
rcmdcheck,1.4.0,CRAN,,,CRAN
rco,1.0.2,CRAN,,,CRAN
RColorBrewer,1.1-3,CRAN,,,CRAN
rcompanion,2.4.34,CRAN,,,CRAN
rconfig,0.3.0,CRAN,,,CRAN
Rcpp,1.0.11,CRAN,,,CRAN
RcppAnnoy,0.0.21,CRAN,,,CRAN
RcppArmadillo,0.12.6.6.1,CRAN,,,CRAN
RcppCCTZ,0.2.12,CRAN,,,CRAN
RcppDate,0.0.3,CRAN,,,CRAN
RcppDE,0.1.7,CRAN,,,CRAN
RcppDist,0.1.1,CRAN,,,CRAN
RcppEigen,0.3.3.9.4,RSPM,,,CRAN
RcppEnsmallen,0.2.21.0.1,CRAN,,,CRAN
RcppExamples,0.1.9,CRAN,,,CRAN
RcppGSL,0.3.13,CRAN,,,CRAN
RcppInt64,0.0.4,CRAN,,,CRAN
RcppParallel,5.1.7,CRAN,,,CRAN
RcppProgress,0.4.2,CRAN,,,CRAN
RcppRoll,0.3.0,CRAN,,,CRAN
RcppSimdJson,0.1.11,RSPM,,,CRAN
RcppThread,2.1.6,CRAN,,,CRAN
RcppTOML,0.2.2,CRAN,,,CRAN
RcppZiggurat,0.1.6,CRAN,,,CRAN
RCurl,1.98-1.13,CRAN,,,CRAN
rda,1.2-1,CRAN,,,CRAN
rdeck,0.5.2.9000,,qfes,rdeck,GitHub
Rdimtools,1.1.2,CRAN,,,CRAN
Rdpack,2.6,RSPM,,,CRAN
re2,0.1.3,CRAN,,,CRAN
reactable,0.4.4,CRAN,,,CRAN
reactR,0.5.0,CRAN,,,CRAN
readODS,2.1.1,https://ropensci.r-universe.dev,,,CRAN
readr,2.1.4,CRAN,,,CRAN
readstata13,0.10.1,CRAN,,,CRAN
readxl,1.4.3,CRAN,,,CRAN
realtR,0.1023,,abresler,realtR,GitHub
recipes,1.0.9,CRAN,,,CRAN
recosystem,0.5.1,CRAN,,,CRAN
registry,0.5-1,CRAN,,,CRAN
relimp,1.0-5,RSPM,,,CRAN
rematch,2.0.0,CRAN,,,CRAN
rematch2,2.1.2,CRAN,,,CRAN
remedy,0.1.0,CRAN,,,CRAN
remotes,2.4.2.1,CRAN,,,CRAN
renderthis,0.2.0,CRAN,,,CRAN
renv,1.0.3,CRAN,,,CRAN
report,0.5.8,CRAN,,,CRAN
repr,1.1.6,CRAN,,,CRAN
reprex,2.0.2,CRAN,,,CRAN
reproj,0.4.3,CRAN,,,CRAN
reshape,0.8.9,CRAN,,,CRAN
reshape2,1.4.4,CRAN,,,CRAN
rethinking,2.40,,rmcelreath,rethinking,GitHub
reticulate,1.34.0,CRAN,,,CRAN
revdbayes,1.5.3,CRAN,,,CRAN
rex,1.2.1,CRAN,,,CRAN
Rfast,2.1.0,CRAN,,,CRAN
Rforestry,0.10.0,CRAN,,,CRAN
rgl,1.2.8,RSPM,,,CRAN
RgoogleMaps,1.5.1,CRAN,,,CRAN
rgraph6,2.0-3,CRAN,,,CRAN
rhandsontable,0.3.8,CRAN,,,CRAN
rhdf5,2.44.0,,,,Bioconductor
rhdf5filters,1.12.1,,,,Bioconductor
Rhdf5lib,1.22.1,,,,Bioconductor
RhpcBLASctl,0.23-42,RSPM,,,CRAN
riingo,0.3.1,CRAN,,,CRAN
rio,1.0.1,CRAN,,,CRAN
rJava,1.0-10,CRAN,,,CRAN
rjson,0.2.21,CRAN,,,CRAN
RJSONIO,1.3-1.9,CRAN,,,CRAN
rlang,1.1.2,CRAN,,,CRAN
rle,0.9.2,CRAN,,,CRAN
rlecuyer,0.3-8,CRAN,,,CRAN
Rlibeemd,1.4.3,RSPM,,,CRAN
rlist,0.4.6.2,CRAN,,,CRAN
rmapshaper,0.5.0,RSPM,,,CRAN
rmarkdown,2.25,CRAN,,,CRAN
rmdformats,1.0.4,CRAN,,,CRAN
RmdImgPaste,0.1.0,,xiaoa6435,RmdImgPaste,GitHub
rmdpartials,0.5.8,CRAN,,,CRAN
rminqa,0.2.2,CRAN,,,CRAN
Rmpfr,0.9-4,CRAN,,,CRAN
rnaturalearth,1.0.1.9000,https://ropensci.r-universe.dev,,,CRAN
rnaturalearthdata,1.0.0,https://ropensci.r-universe.dev,,,CRAN
rngtools,1.5.2,CRAN,,,CRAN
rngWELL,0.10-9,RSPM,,,CRAN
robotstxt,0.7.13,CRAN,,,CRAN
robustbase,0.99-1,CRAN,,,CRAN
robvis,0.3.0,CRAN,,,CRAN
ROCit,2.1.1,CRAN,,,CRAN
ROCR,1.0-11,CRAN,,,CRAN
Rodeo,0.0.1,,AdrianAntico,Rodeo,GitHub
ROI,1.0-1,CRAN,,,CRAN
ROI.plugin.alabama,1.0-2,CRAN,,,CRAN
ROI.plugin.deoptim,1.0-2,CRAN,,,CRAN
ROI.plugin.lpsolve,1.0-2,CRAN,,,CRAN
ROI.plugin.nloptr,1.0-1,CRAN,,,CRAN
ROI.plugin.optimx,1.0-1,CRAN,,,CRAN
ROI.plugin.quadprog,1.0-1,CRAN,,,CRAN
ROI.plugin.symphony,1.0-0,CRAN,,,CRAN
rolog,0.9.14,CRAN,,,CRAN
rootSolve,1.8.2.4,CRAN,,,CRAN
roperators,1.3.14,CRAN,,,CRAN
rosm,0.3.0,RSPM,,,CRAN
roughnet,1.0.1,CRAN,,,CRAN
roxygen2,7.2.3,CRAN,,,CRAN
rpart,4.1.23,CRAN,,,CRAN
rpart.plot,3.1.1,CRAN,,,CRAN
rprojroot,2.0.4,CRAN,,,CRAN
RProtoBuf,0.4.21,CRAN,,,CRAN
RPushbullet,0.3.4,CRAN,,,CRAN
rqdatatable,1.3.3,CRAN,,,CRAN
rquery,1.4.99,CRAN,,,CRAN
rrapply,1.2.6,CRAN,,,CRAN
rrcov,1.7-4,CRAN,,,CRAN
rsample,1.2.0,RSPM,,,CRAN
rsconnect,1.2.0,CRAN,,,CRAN
RSentiment,2.2.2,CRAN,,,CRAN
RSNNS,0.4-17,CRAN,,,CRAN
Rsolnp,1.16,CRAN,,,CRAN
RSpectra,0.16-1,CRAN,,,CRAN
RSQLite,2.3.4,RSPM,,,CRAN
rstan,2.32.3,CRAN,,,CRAN
rstanarm,2.26.1,CRAN,,,CRAN
rstantools,2.3.1.1,CRAN,,,CRAN
rstatix,0.7.2,CRAN,,,CRAN
rsthemes,0.4.0,,gadenbuie,rsthemes,GitHub
rstpm2,1.6.3,RSPM,,,CRAN
rstudioapi,0.15.0,RSPM,,,CRAN
rsvd,1.0.5,CRAN,,,CRAN
rsvg,2.6.0,https://ropensci.r-universe.dev,,,CRAN
rswipl,9.1.17.1,CRAN,,,CRAN
Rsymphony,0.1-33,CRAN,,,CRAN
rtemis,0.95.14,,egenn,rtemis,GitHub
Rtsne,0.17,RSPM,,,CRAN
Rttf2pt1,1.3.12,CRAN,,,CRAN
rugarch,1.5-1,RSPM,,,CRAN
ruler,0.3.0,CRAN,,,CRAN
rules,1.0.2,CRAN,,,CRAN
rust,1.4.2,CRAN,,,CRAN
rutils,0.2,GitHub,algoquant,rutils,GitHub
rversions,2.1.2,CRAN,,,CRAN
rvest,1.0.3,CRAN,,,CRAN
rvg,0.3.3,CRAN,,,CRAN
s2,1.1.6,RSPM,,,CRAN
s3fs,0.1.4,CRAN,,,CRAN
S4Arrays,1.0.6,,,,Bioconductor
S4Vectors,0.38.2,,,,Bioconductor
S7,0.1.1,CRAN,,,CRAN
safetensors,0.1.2,CRAN,,,CRAN
sandwich,3.1-0,CRAN,,,CRAN
santoku,0.10.0,CRAN,,,CRAN
sass,0.4.8,RSPM,,,CRAN
savonliquide,0.2.0,CRAN,,,CRAN
ScaledMatrix,1.8.1,,,,Bioconductor
scales,1.3.0,CRAN,,,CRAN
scattermore,1.2,CRAN,,,CRAN
scatterpie,0.2.1,CRAN,,,CRAN
scatterplot3d,0.3-44,CRAN,,,CRAN
scatterPlotMatrix,0.2.0,CRAN,,,CRAN
scico,1.5.0,CRAN,,,CRAN
scotus,1.0.0,,EmilHvitfeldt,scotus,GitHub
scriptloc,1.0.0,RSPM,,,CRAN
scs,3.2.4,CRAN,,,CRAN
seasonal,1.9.0,CRAN,,,CRAN
see,0.8.1,CRAN,,,CRAN
segmented,2.0-1,RSPM,,,CRAN
selectr,0.4-2,CRAN,,,CRAN
sensemakr,0.1.4,CRAN,,,CRAN
sentimentr,2.9.0,CRAN,,,CRAN
seriation,1.5.4,CRAN,,,CRAN
servr,0.28,RSPM,,,CRAN
sessioninfo,1.2.2,CRAN,,,CRAN
set6,0.2.6,,xoopR,set6,GitHub
sets,1.0-25,RSPM,,,CRAN
settings,0.2.7,CRAN,,,CRAN
sf,1.0-15,RSPM,,,CRAN
sfheaders,0.4.3,RSPM,,,CRAN
sfsmisc,1.1-16,CRAN,,,CRAN
sftime,0.2-0,RSPM,,,CRAN
shades,1.4.0,CRAN,,,CRAN
shape,1.4.6,CRAN,,,CRAN
shapes,1.2.7,CRAN,,,CRAN
SHAPforxgboost,0.1.3,CRAN,,,CRAN
shapviz,0.9.2,CRAN,,,CRAN
shiny,1.8.0,CRAN,,,CRAN
shinyAce,0.4.2,CRAN,,,CRAN
shinyalert,3.0.0,CRAN,,,CRAN
shinyBS,0.61.1,CRAN,,,CRAN
shinydashboard,0.7.2,CRAN,,,CRAN
shinyhelper,0.3.2,CRAN,,,CRAN
shinyjs,2.1.0,CRAN,,,CRAN
shinystan,2.6.0,CRAN,,,CRAN
shinythemes,1.2.0,CRAN,,,CRAN
shinyTime,1.0.3,CRAN,,,CRAN
shinyWidgets,0.8.0,CRAN,,,CRAN
showtext,0.9-6,CRAN,,,CRAN
showtextdb,3.0,CRAN,,,CRAN
sigmajs,0.1.5,CRAN,,,CRAN
signnet,1.0.3,CRAN,,,CRAN
sigr,1.1.5,CRAN,,,CRAN
SimCorrMix,0.1.1,CRAN,,,CRAN
SimDesign,2.13,CRAN,,,CRAN
SimMultiCorrData,0.2.2,CRAN,,,CRAN
simputation,0.2.8,CRAN,,,CRAN
simstudy,0.7.1,CRAN,,,CRAN
sinew,0.4.0,CRAN,,,CRAN
sitmo,2.0.2,CRAN,,,CRAN
sjlabelled,1.2.0,CRAN,,,CRAN
sjmisc,2.8.9,CRAN,,,CRAN
sjPlot,2.8.15,CRAN,,,CRAN
sjstats,0.18.2,CRAN,,,CRAN
sketch,1.1.19,CRAN,,,CRAN
SkewHyperbolic,0.4-2,CRAN,,,CRAN
skimr,2.1.5,CRAN,,,CRAN
slam,0.1-50,CRAN,,,CRAN
slider,0.3.1,CRAN,,,CRAN
smacof,2.1-5,CRAN,,,CRAN
smbinning,0.9,CRAN,,,CRAN
smoof,1.6.0.3,CRAN,,,CRAN
smooth,4.0.0,CRAN,,,CRAN
smotefamily,1.3.1,CRAN,,,CRAN
sn,2.1.1,CRAN,,,CRAN
sna,2.7-2,RSPM,,,CRAN
snahelper,1.4.2,CRAN,,,CRAN
snakecase,0.11.1,CRAN,,,CRAN
snippetsaddin,0.2.0,,sfr,RStudio-Addin-Snippets,GitHub
snow,0.4-4,CRAN,,,CRAN
SnowballC,0.7.1,CRAN,,,CRAN
snowfall,1.84-6.3,CRAN,,,CRAN
sodium,1.3.1,https://ropensci.r-universe.dev,,,CRAN
sos,2.1-7,CRAN,,,CRAN
sourcetools,0.1.7-1,CRAN,,,CRAN
sp,2.1-2,CRAN,,,CRAN
spacefillr,0.3.2,RSPM,,,CRAN
spacesXYZ,1.2-1,CRAN,,,CRAN
spacetime,1.3-1,CRAN,,,CRAN
spacyr,1.3.0,CRAN,,,CRAN
spam,2.10-0,CRAN,,,CRAN
sparkline,2.0,CRAN,,,CRAN
sparklyr,1.8.4,CRAN,,,CRAN
sparkxgb,0.1.1,CRAN,,,CRAN
SparseChol,0.2.2,CRAN,,,CRAN
sparseGAM,1.0,RSPM,,,CRAN
SparseM,1.81,CRAN,,,CRAN
sparseMatrixStats,1.12.2,,,,Bioconductor
spatstat.data,3.0-3,CRAN,,,CRAN
spatstat.geom,3.2-7,CRAN,,,CRAN
spatstat.utils,3.0-4,CRAN,,,CRAN
spd,2.0-1,CRAN,,,CRAN
spData,2.3.0,CRAN,,,CRAN
spDataLarge,2.1.1,https://nowosad.r-universe.dev,,,CRAN
spdep,1.3-1,CRAN,,,CRAN
spiderbar,0.2.5,CRAN,,,CRAN
splancs,2.01-44,CRAN,,,CRAN
sqldf,0.4-11,CRAN,,,CRAN
SQUAREM,2021.1,CRAN,,,CRAN
stabledist,0.7-1,CRAN,,,CRAN
stabs,0.6-4,CRAN,,,CRAN
stackr,0.0.0.9000,,lshep,stackr,GitHub
stacks,1.0.3,CRAN,,,CRAN
StanHeaders,2.26.28,CRAN,,,CRAN
stargazer,5.2.3,CRAN,,,CRAN
stars,0.6-4,CRAN,,,CRAN
statmod,1.5.0,CRAN,,,CRAN
statnet.common,4.9.0,CRAN,,,CRAN
statsExpressions,1.5.2,CRAN,,,CRAN
stinepack,1.4,CRAN,,,CRAN
stopwords,2.3,CRAN,,,CRAN
storr,1.2.5,CRAN,,,CRAN
streamgraph,0.9.0,,hrbrmstr,streamgraph,GitHub
stringdist,0.9.12,RSPM,,,CRAN
stringfish,0.16.0,RSPM,,,CRAN
stringi,1.8.3,RSPM,,,CRAN
stringmagic,1.0.0,RSPM,,,CRAN
stringr,1.5.1,RSPM,,,CRAN
strucchange,1.5-3,CRAN,,,CRAN
stylebox,0.4.0,,anthonynorth,stylebox,GitHub
styler,1.10.2,CRAN,,,CRAN
styles,0.1.0,,ropenscilabs,styles,GitHub
substrait,0.0.0.9000,,voltrondata,substrait-r,GitHub
sugrrants,0.2.8,CRAN,,,CRAN
SummarizedExperiment,1.30.2,,,,Bioconductor
SuperLearner,2.0-28.1,CRAN,,,CRAN
SuppDists,1.1-9.7,RSPM,,,CRAN
survey,4.2-1,CRAN,,,CRAN
survivalmodels,0.1.13,RSPM,,,CRAN
survminer,0.4.9,CRAN,,,CRAN
survMisc,0.5.6,CRAN,,,CRAN
survsup,0.0.1,,dlindholm,survsup,GitHub
svd,0.5.5,RSPM,,,CRAN
svglite,2.1.3,CRAN,,,CRAN
svgPanZoom,0.3.4,CRAN,,,CRAN
svUnit,1.0.6,CRAN,,,CRAN
swagger,3.33.1,CRAN,,,CRAN
swatches,0.5.0,CRAN,,,CRAN
sys,3.4.2,CRAN,,,CRAN
sysfonts,0.8.8,CRAN,,,CRAN
systemfit,1.1-30,CRAN,,,CRAN
systemfonts,1.0.5,CRAN,,,CRAN
syuzhet,1.0.7,CRAN,,,CRAN
table.express,0.4.2,CRAN,,,CRAN
tables,0.9.17,CRAN,,,CRAN
tabulate,0.1.0,CRAN,,,CRAN
tabulizer,0.2.3,,ropensci,tabulizer,GitHub
tabulizerjars,1.0.1,,ropensci,tabulizerjars,GitHub
tagger,0.0.0.9000,,eliocamp,tagger,GitHub
tarchetypes,0.7.10.9000,https://ropensci.r-universe.dev,,,CRAN
targets,1.4.0.9000,https://ropensci.r-universe.dev,,,CRAN
TeachingDemos,2.12,CRAN,,,CRAN
tensorA,0.36.2.1,CRAN,,,CRAN
tensorflow,2.14.0,RSPM,,,CRAN
terra,1.7-67,https://nowosad.r-universe.dev,,,CRAN
TestFunctions,0.2.0,RSPM,,,CRAN
testthat,3.2.1,CRAN,,,CRAN
texPreview,2.0.0,CRAN,,,CRAN
texreg,1.39.3,CRAN,,,CRAN
textclean,0.9.3,CRAN,,,CRAN
textdata,0.4.4,CRAN,,,CRAN
textplot,0.2.2,CRAN,,,CRAN
textrank,0.3.1,CRAN,,,CRAN
textrecipes,1.0.6,CRAN,,,CRAN
textshape,1.7.3,CRAN,,,CRAN
textshaping,0.3.7,CRAN,,,CRAN
tfautograph,0.3.2,CRAN,,,CRAN
tfdatasets,2.9.0,RSPM,,,CRAN
tfestimators,1.9.2,CRAN,,,CRAN
tfruns,1.5.1,CRAN,,,CRAN
TH.data,1.1-2,CRAN,,,CRAN
theft,0.5.4.1,CRAN,,,CRAN
thematic,0.1.4,CRAN,,,CRAN
thief,0.3,CRAN,,,CRAN
this.path,2.3.1,CRAN,,,CRAN
threejs,0.3.3,CRAN,,,CRAN
tibble,3.2.1,CRAN,,,CRAN
tibbletime,0.1.8,CRAN,,,CRAN
tictoc,1.2,CRAN,,,CRAN
tidyassert,0.3.4,,qfes,tidyassert,GitHub
tidybayes,3.0.6,CRAN,,,CRAN
tidybayes.rethinking,3.0.0,,mjskay,tidybayes.rethinking,GitHub
tidycat,0.1.2,CRAN,,,CRAN
tidycensus,1.5,CRAN,,,CRAN
tidyclust,0.2.0,CRAN,,,CRAN
tidyext,0.3.6,,m-clark,tidyext,GitHub
tidyfst,1.7.7,CRAN,,,CRAN
tidygam,0.2.0,RSPM,,,CRAN
tidygeocoder,1.0.5,RSPM,,,CRAN
tidygraph,1.3.0,CRAN,,,CRAN
tidylo,0.2.0,CRAN,,,CRAN
tidylog,1.0.2.9000,,nischalshrestha,tidylog,GitHub
tidymodels,1.1.1,RSPM,,,CRAN
tidymv,3.4.2,CRAN,,,CRAN
tidypolars,0.4.0.9000,https://etiennebacher.r-universe.dev,,,CRAN
tidyquant,1.0.7,CRAN,,,CRAN
tidyr,1.3.0,CRAN,,,CRAN
tidyselect,1.2.0,CRAN,,,CRAN
tidystringdist,0.1.4,CRAN,,,CRAN
tidyterra,0.5.1,CRAN,,,CRAN
tidytext,0.4.1,CRAN,,,CRAN
tidytree,0.4.6,CRAN,,,CRAN
tidytrees,0.2.3,,bakaburg1,tidytrees,GitHub
tidyverse,2.0.0,CRAN,,,CRAN
tidyxl,1.0.10,CRAN,,,CRAN
tigris,2.0.4,CRAN,,,CRAN
tikzDevice,0.12.6,CRAN,,,CRAN
timechange,0.2.0,CRAN,,,CRAN
timeDate,4032.109,CRAN,,,CRAN
timeplyr,0.5.0,CRAN,,,CRAN
timeSeries,4032.108,RSPM,,,CRAN
timetk,2.9.0,CRAN,,,CRAN
tinkr,0.2.0,CRAN,,,CRAN
tintin,0.1,,pachadotdev,tintin,GitHub
tinytest,1.4.1,CRAN,,,CRAN
tinytex,0.49,CRAN,,,CRAN
tis,1.39,CRAN,,,CRAN
titanic,0.1.0,CRAN,,,CRAN
tm,0.7-11,CRAN,,,CRAN
tmap,3.99.9000,,r-tmap,tmap,GitHub
tmaptools,3.1-1,,r-tmap,tmaptools,GitHub
TMB,1.9.10,RSPM,,,CRAN
tmvtnorm,1.6,RSPM,,,CRAN
tnet,3.0.16,CRAN,,,CRAN
tok,0.1.1,RSPM,,,CRAN
tokenizers,0.3.0,CRAN,,,CRAN
tolerance,2.0.0,CRAN,,,CRAN
topicmodels,0.2-15,CRAN,,,CRAN
tree,1.0-43,CRAN,,,CRAN
treeio,1.27.0.001,https://ropensci.r-universe.dev,,,CRAN
treemapify,2.5.6,CRAN,,,CRAN
treesnip,0.1.0.9001,,curso-r,treesnip,GitHub
triangle,1.0,CRAN,,,CRAN
triebeard,0.4.1,CRAN,,,CRAN
truncdist,1.0-2,CRAN,,,CRAN
truncnorm,1.0-9,CRAN,,,CRAN
truncreg,0.2-5,CRAN,,,CRAN
tryCatchLog,1.3.1,CRAN,,,CRAN
tsbox,0.4.1.9002,https://ropensci.r-universe.dev,,,CRAN
tseries,0.10-55,RSPM,,,CRAN
tsfeatures,1.1.1,CRAN,,,CRAN
tsfknn,0.6.0,CRAN,,,CRAN
tsibble,1.1.3,CRAN,,,CRAN
tsibbledata,0.4.1,CRAN,,,CRAN
tsmp,0.4.15,CRAN,,,CRAN
TSP,1.2-4,CRAN,,,CRAN
TSPred,5.1,RSPM,,,CRAN
TSrepr,1.1.0,CRAN,,,CRAN
TSstudio,0.1.7,CRAN,,,CRAN
tsviz,0.1.0,CRAN,,,CRAN
TTR,0.24.4,RSPM,,,CRAN
tune,1.1.2,RSPM,,,CRAN
tvthemes,1.3.2,CRAN,,,CRAN
tweenr,2.0.2,CRAN,,,CRAN
txtq,0.2.4,CRAN,,,CRAN
types,1.0.0,CRAN,,,CRAN
tzdb,0.4.0,CRAN,,,CRAN
ucminf,1.2.1,RSPM,,,CRAN
udpipe,0.8.11,CRAN,,,CRAN
umap,0.2.10.0,CRAN,,,CRAN
unheadr,0.3.3,CRAN,,,CRAN
units,0.8-5,RSPM,,,CRAN
Unravel,0.1.0.9000,,nischalshrestha,Unravel,GitHub
upsetjs,1.11.1,CRAN,,,CRAN
UpSetR,1.4.0,CRAN,,,CRAN
urbnmapr,0.0.0.9002,,UrbanInstitute,urbnmapr,GitHub
urca,1.3-3,CRAN,,,CRAN
urlchecker,1.0.1,CRAN,,,CRAN
urltools,1.7.3,CRAN,,,CRAN
usedthese,0.3.3,CRAN,,,CRAN
usemodels,0.2.0,CRAN,,,CRAN
usethis,2.2.2,CRAN,,,CRAN
UsingR,2.0-7,CRAN,,,CRAN
usmap,0.6.4,RSPM,,,CRAN
usmapdata,0.1.2,CRAN,,,CRAN
utf8,1.2.4,RSPM,,,CRAN
uuid,1.1-1,RSPM,,,CRAN
uwot,0.1.16,CRAN,,,CRAN
V8,4.4.1,RSPM,,,CRAN
validate,1.1.3,CRAN,,,CRAN
vapoRwave,0.3.0,,moldach,vapoRwave,GitHub
varhandle,2.0.6,CRAN,,,CRAN
vars,1.6-0,CRAN,,,CRAN
vcd,1.4-11,CRAN,,,CRAN
vctrs,0.6.5,CRAN,,,CRAN
vdemdata,13.0,,vdeminstitute,vdemdata,GitHub
vegan,2.6-4,CRAN,,,CRAN
venneuler,1.1-3,CRAN,,,CRAN
versionsort,1.1.0,CRAN,,,CRAN
versus,0.2.1,CRAN,,,CRAN
vetr,0.2.16,CRAN,,,CRAN
VGAM,1.1-9,CRAN,,,CRAN
VIM,6.2.2,CRAN,,,CRAN
vip,0.4.1,CRAN,,,CRAN
vipor,0.4.7,RSPM,,,CRAN
viridis,0.6.4,CRAN,,,CRAN
viridisLite,0.4.2,CRAN,,,CRAN
VisCollin,0.1.2,CRAN,,,CRAN
visdat,0.6.0.9000,https://ropensci.r-universe.dev,,,CRAN
visibly,0.2.9,,m-clark,visibly,GitHub
visNetwork,2.1.2,CRAN,,,CRAN
vizdraws,1.4.2,CRAN,,,CRAN
vroom,1.6.5,RSPM,,,CRAN
vscDebugger,0.5.2,,ManuelHentschel,vscDebugger,GitHub
vtreat,1.6.4,CRAN,,,CRAN
waldo,0.5.2,CRAN,,,CRAN
warp,0.2.1,RSPM,,,CRAN
waterfalls,1.0.0,CRAN,,,CRAN
wavelets,0.3-0.2,CRAN,,,CRAN
WDI,2.7.8,CRAN,,,CRAN
webshot,0.5.5,CRAN,,,CRAN
websocket,1.4.1,CRAN,,,CRAN
webuse,0.1.3,CRAN,,,CRAN
webutils,1.2.0,CRAN,,,CRAN
weights,1.0.4,CRAN,,,CRAN
wesanderson,0.3.7,CRAN,,,CRAN
whisker,0.4.1,CRAN,,,CRAN
whoami,1.3.0,CRAN,,,CRAN
widgetframe,0.3.1,RSPM,,,CRAN
widyr,0.1.5,CRAN,,,CRAN
withr,2.5.2,CRAN,,,CRAN
wk,0.9.1,CRAN,,,CRAN
woodendesc,0.1.0,,turtletopia,woodendesc,GitHub
wordcloud,2.6,CRAN,,,CRAN
workboots,0.2.0,CRAN,,,CRAN
workflows,1.1.3,CRAN,,,CRAN
workflowsets,1.0.1,CRAN,,,CRAN
wrapr,2.1.0,CRAN,,,CRAN
WrapRmd,0.0.0.9005,,tjmahr,WrapRmd,GitHub
writexl,1.4.2,CRAN,,,CRAN
WRS2,1.1-5,CRAN,,,CRAN
WVPlots,1.3.7,CRAN,,,CRAN
x13binary,1.1.57-4,CRAN,,,CRAN
xaringan,0.28,CRAN,,,CRAN
XBRL,0.99.19.1,CRAN,,,CRAN
xfun,0.41,CRAN,,,CRAN
xgboost,1.7.6.1,RSPM,,,CRAN
xgboostExplainer,0.1,,AppliedDataSciencePartners,xgboostExplainer,GitHub
XML,3.99-0.16,CRAN,,,CRAN
xml2,1.3.6,CRAN,,,CRAN
xmlparsedata,1.0.5,CRAN,,,CRAN
xmpdf,0.1.4,CRAN,,,CRAN
xopen,1.0.0,CRAN,,,CRAN
xray,0.2,CRAN,,,CRAN
xslt,1.4.4,CRAN,,,CRAN
xtable,1.8-4,CRAN,,,CRAN
xts,0.13.1,CRAN,,,CRAN
XVector,0.40.0,,,,Bioconductor
yahoofinancer,0.2.0,RSPM,,,CRAN
yaImpute,1.0-34,CRAN,,,CRAN
yaml,2.3.8,RSPM,,,CRAN
yardstick,1.2.0,CRAN,,,CRAN
yesno,0.1.2,CRAN,,,CRAN
yfR,1.1.0,https://ropensci.r-universe.dev,,,CRAN
yulab.utils,0.1.2,CRAN,,,CRAN
zeallot,0.1.0,CRAN,,,CRAN
zip,2.3.0,CRAN,,,CRAN
zlibbioc,1.46.0,,,,Bioconductor
zoo,1.8-12,CRAN,,,CRAN
